defect,DE_mean
d1,4.268201603703688
d2,5.7008592731508
d3,10.903396392094212
d4,3.088834663584795
d5,8.952003916554085
d6,5.667816014190337
d7,5.938350682635254
d8,4.807428023722796
d9,3.8438419941578292
d10,5.783826932564557
d11,4.894015754236212
d12,4.980801967708858
d13,10.955604960771232
d14,3.7084902042258028
