defect,ΔE_mean
d1,4.239098463224227
d2,5.632637294431366
d3,9.700932511480291
d4,3.148761920659166
d5,8.711347405118234
d6,5.6816816010333415
d7,5.663380850250754
d8,5.256730821183269
d9,3.7789816611935234
d10,5.497386536084787
d11,4.816930034262772
d12,4.941305482255024
d13,10.120576502035368
d14,3.5765680618892803
